policy_id,customer_id,claim_type,region,claim_status,fraudulent_claim,accident_type,policy_type_x,processing_days,claim_amount,name,age,location,policy_type_y,policy_premium,risk_score
POL00001,CUST00001,Home,East,Rejected,No,Medical Emergency,Gold,43,16202,Customer_1,50,Illinois,Gold,1055,0.37
POL00002,CUST00002,Travel,South,Rejected,No,Collision,Gold,56,40734,Customer_2,38,California,Gold,1109,0.45
POL00003,CUST00003,Health,Central,Rejected,Yes,Burglary,Platinum,33,8079,Customer_3,41,Illinois,Gold,2296,0.89
POL00004,CUST00004,Health,West,Approved,No,Flood,Premium,19,8987,Customer_4,42,Florida,Gold,608,0.68
POL00005,CUST00005,Travel,Central,Approved,No,Medical Emergency,Platinum,47,40567,Customer_5,69,California,Gold,2318,0.86
POL00006,CUST00006,Life,West,Approved,No,Medical Emergency,Gold,12,29940,Customer_6,53,New York,Platinum,871,0.3
POL00007,CUST00007,Travel,East,Under Review,No,Medical Emergency,Gold,25,38233,Customer_7,44,New York,Silver,1354,0.47
POL00008,CUST00008,Life,Central,Under Review,No,Medical Emergency,Premium,43,18019,Customer_8,51,Texas,Gold,1115,0.59
POL00009,CUST00009,Travel,West,Approved,No,Other,Premium,23,47185,Customer_9,42,California,Gold,1267,0.25
POL00010,CUST00010,Travel,East,Rejected,No,Medical Emergency,Premium,27,19077,Customer_10,28,Texas,Gold,2414,0.2
POL00011,CUST00011,Auto,South,Under Review,No,Burglary,Platinum,15,27258,Customer_11,25,California,Gold,705,0.67
POL00012,CUST00012,Health,West,Approved,No,Flood,Premium,15,22136,Customer_12,25,California,Silver,1346,0.65
POL00013,CUST00013,Travel,South,Rejected,No,Other,Gold,28,9311,Customer_13,50,Florida,Gold,542,0.49
POL00014,CUST00014,Travel,South,Under Review,No,Medical Emergency,Gold,57,18214,Customer_14,69,Texas,Silver,1364,0.54
POL00015,CUST00015,Home,North,Rejected,No,Fire,Standard,40,15098,Customer_15,44,Florida,Gold,1768,0.49
POL00016,CUST00016,Health,Central,Rejected,No,Fire,Platinum,44,29251,Customer_16,47,California,Gold,1810,0.22
POL00017,CUST00017,Home,West,Rejected,Yes,Flood,Standard,28,38945,Customer_17,34,New York,Gold,1878,0.43
POL00018,CUST00018,Health,South,Rejected,No,Collision,Gold,7,48030,Customer_18,35,California,Silver,1284,0.32
POL00019,CUST00019,Home,North,Under Review,No,Collision,Standard,26,26945,Customer_19,65,Florida,Gold,975,0.27
POL00020,CUST00020,Travel,East,Under Review,No,Other,Gold,57,26316,Customer_20,65,Texas,Silver,582,0.87
POL00021,CUST00021,Travel,West,Under Review,No,Other,Standard,6,33217,Customer_21,29,Texas,Platinum,1633,0.62
POL00022,CUST00022,Auto,South,Approved,No,Other,Premium,28,9308,Customer_22,25,Florida,Platinum,2473,0.71
POL00023,CUST00023,Home,Central,Under Review,No,Collision,Standard,48,6949,Customer_23,41,Texas,Platinum,689,0.42
POL00024,CUST00024,Life,North,Rejected,No,Fire,Premium,34,2150,Customer_24,46,Illinois,Gold,1299,0.48
POL00025,CUST00025,Auto,South,Under Review,No,Collision,Premium,42,24944,Customer_25,58,New York,Gold,1435,0.37
POL00026,CUST00026,Home,Central,Rejected,No,Burglary,Platinum,6,35699,Customer_26,69,New York,Silver,2432,0.27
POL00027,CUST00027,Home,South,Approved,No,Medical Emergency,Premium,25,10204,Customer_27,65,New York,Silver,750,0.33
POL00028,CUST00028,Auto,West,Rejected,No,Other,Premium,37,2081,Customer_28,53,Texas,Gold,2247,0.76
POL00029,CUST00029,Travel,West,Rejected,No,Fire,Standard,16,30305,Customer_29,28,Texas,Gold,790,0.67
POL00030,CUST00030,Home,West,Rejected,No,Flood,Gold,26,17896,Customer_30,29,California,Platinum,2168,0.58
POL00031,CUST00031,Travel,North,Approved,No,Flood,Platinum,48,47175,Customer_31,35,California,Silver,1724,0.53
POL00032,CUST00032,Auto,West,Under Review,No,Medical Emergency,Premium,29,8805,Customer_32,45,New York,Platinum,2320,0.85
POL00033,CUST00033,Travel,Central,Under Review,Yes,Fire,Platinum,53,6237,Customer_33,59,Illinois,Gold,825,0.25
POL00034,CUST00034,Health,South,Approved,No,Collision,Standard,31,21056,Customer_34,36,California,Gold,2034,0.4
POL00035,CUST00035,Life,East,Rejected,No,Collision,Premium,46,46543,Customer_35,50,California,Silver,1932,0.44
POL00036,CUST00036,Home,Central,Under Review,No,Burglary,Standard,32,46952,Customer_36,43,Texas,Silver,2130,0.75
POL00037,CUST00037,Life,Central,Approved,No,Burglary,Platinum,20,4343,Customer_37,69,Illinois,Gold,2313,0.89
POL00038,CUST00038,Travel,West,Under Review,No,Collision,Standard,19,14500,Customer_38,31,New York,Gold,2485,0.37
POL00039,CUST00039,Home,North,Approved,No,Flood,Platinum,51,30375,Customer_39,31,California,Silver,2464,0.81
POL00040,CUST00040,Travel,South,Rejected,No,Other,Standard,55,10662,Customer_40,50,Illinois,Gold,1336,0.78
POL00041,CUST00041,Health,North,Under Review,No,Flood,Platinum,48,17964,Customer_41,64,Illinois,Platinum,1007,0.36
POL00042,CUST00042,Auto,South,Approved,No,Burglary,Gold,59,48893,Customer_42,29,New York,Platinum,1230,0.48
POL00043,CUST00043,Home,South,Under Review,Yes,Medical Emergency,Standard,56,9130,Customer_43,45,Illinois,Platinum,2124,0.49
POL00044,CUST00044,Health,North,Under Review,No,Collision,Standard,7,20531,Customer_44,38,Illinois,Silver,571,0.88
POL00045,CUST00045,Health,Central,Under Review,No,Burglary,Gold,41,2679,Customer_45,28,Illinois,Silver,1770,0.33
POL00046,CUST00046,Home,South,Under Review,No,Burglary,Gold,55,4506,Customer_46,47,California,Gold,1140,0.76
POL00047,CUST00047,Travel,North,Approved,Yes,Other,Standard,11,14284,Customer_47,66,New York,Gold,2247,0.43
POL00048,CUST00048,Health,South,Rejected,No,Collision,Gold,25,8253,Customer_48,44,Illinois,Silver,1439,0.71
POL00049,CUST00049,Life,East,Approved,No,Other,Premium,13,20128,Customer_49,39,Illinois,Silver,2378,0.49
POL00050,CUST00050,Health,Central,Approved,Yes,Collision,Platinum,43,28932,Customer_50,69,California,Gold,1107,0.6
POL00051,CUST00051,Travel,West,Approved,Yes,Other,Platinum,22,10435,Customer_51,53,New York,Silver,2110,0.78
POL00052,CUST00052,Travel,South,Rejected,No,Flood,Platinum,8,45078,Customer_52,32,Texas,Silver,2458,0.76
POL00053,CUST00053,Life,East,Under Review,No,Medical Emergency,Premium,29,14296,Customer_53,65,California,Silver,1065,0.81
POL00054,CUST00054,Health,West,Under Review,No,Medical Emergency,Gold,18,31445,Customer_54,43,New York,Silver,1867,0.24
POL00055,CUST00055,Travel,West,Under Review,No,Collision,Gold,54,14245,Customer_55,63,Illinois,Gold,2494,0.68
POL00056,CUST00056,Home,South,Rejected,Yes,Fire,Standard,13,30124,Customer_56,52,New York,Gold,2448,0.3
POL00057,CUST00057,Auto,North,Under Review,No,Burglary,Gold,30,30899,Customer_57,51,New York,Gold,553,0.49
POL00058,CUST00058,Auto,South,Rejected,No,Burglary,Standard,57,44919,Customer_58,28,New York,Silver,2253,0.58
POL00059,CUST00059,Auto,East,Under Review,No,Collision,Premium,6,44225,Customer_59,39,Texas,Silver,1027,0.48
POL00060,CUST00060,Health,West,Under Review,No,Other,Platinum,24,36247,Customer_60,59,New York,Gold,1110,0.56
POL00061,CUST00061,Life,South,Approved,No,Fire,Platinum,32,30222,Customer_61,61,Texas,Gold,2055,0.9
POL00062,CUST00062,Travel,North,Rejected,No,Flood,Platinum,51,27211,Customer_62,25,Illinois,Gold,2081,0.29
POL00063,CUST00063,Home,South,Approved,No,Other,Gold,11,38220,Customer_63,27,Texas,Silver,2486,0.67
POL00064,CUST00064,Home,Central,Approved,No,Other,Standard,48,27646,Customer_64,48,Illinois,Platinum,692,0.48
POL00065,CUST00065,Health,North,Approved,No,Collision,Standard,12,39649,Customer_65,51,Illinois,Silver,2418,0.29
POL00066,CUST00066,Auto,East,Rejected,No,Collision,Premium,51,24049,Customer_66,64,Texas,Gold,557,0.31
POL00067,CUST00067,Health,West,Rejected,No,Burglary,Gold,39,15069,Customer_67,60,California,Gold,1960,0.86
POL00068,CUST00068,Life,South,Under Review,No,Collision,Premium,18,33580,Customer_68,58,Florida,Gold,1634,0.82
POL00069,CUST00069,Life,North,Approved,No,Collision,Standard,21,32843,Customer_69,53,New York,Silver,628,0.83
POL00070,CUST00070,Travel,Central,Under Review,No,Collision,Standard,40,3849,Customer_70,48,Florida,Gold,2372,0.89
POL00071,CUST00071,Travel,North,Approved,No,Burglary,Platinum,54,41158,Customer_71,48,New York,Gold,1205,0.35
POL00072,CUST00072,Life,Central,Rejected,No,Flood,Gold,44,24289,Customer_72,66,New York,Silver,2448,0.45
POL00073,CUST00073,Life,East,Rejected,No,Flood,Standard,8,45690,Customer_73,28,Illinois,Silver,1351,0.67
POL00074,CUST00074,Life,West,Rejected,No,Collision,Platinum,6,36257,Customer_74,27,New York,Silver,1849,0.54
POL00075,CUST00075,Health,East,Approved,No,Burglary,Gold,10,10823,Customer_75,58,New York,Platinum,507,0.49
POL00076,CUST00076,Life,South,Rejected,No,Flood,Premium,58,42975,Customer_76,47,Texas,Silver,528,0.45
POL00077,CUST00077,Home,North,Approved,Yes,Other,Gold,46,10540,Customer_77,47,Florida,Platinum,1635,0.62
POL00078,CUST00078,Auto,Central,Under Review,No,Flood,Gold,8,17364,Customer_78,69,Texas,Gold,1446,0.6
POL00079,CUST00079,Life,Central,Approved,No,Flood,Standard,58,5611,Customer_79,29,New York,Platinum,2196,0.31
POL00080,CUST00080,Auto,North,Under Review,No,Burglary,Standard,33,28663,Customer_80,55,Illinois,Platinum,630,0.53
POL00081,CUST00081,Health,North,Approved,No,Other,Gold,22,39646,Customer_81,65,Texas,Gold,687,0.59
POL00082,CUST00082,Auto,South,Under Review,No,Burglary,Standard,30,31977,Customer_82,30,Texas,Silver,2198,0.6
POL00083,CUST00083,Health,East,Rejected,No,Collision,Standard,48,30168,Customer_83,61,California,Silver,1208,0.35
POL00084,CUST00084,Home,Central,Under Review,No,Medical Emergency,Standard,38,26471,Customer_84,34,New York,Silver,1998,0.72
POL00085,CUST00085,Health,South,Rejected,No,Flood,Platinum,14,23687,Customer_85,64,Illinois,Gold,1887,0.22
POL00086,CUST00086,Health,East,Rejected,No,Medical Emergency,Platinum,40,1851,Customer_86,31,Texas,Silver,1727,0.45
POL00087,CUST00087,Travel,South,Under Review,Yes,Burglary,Gold,18,19071,Customer_87,63,Texas,Silver,711,0.75
POL00088,CUST00088,Life,Central,Approved,No,Burglary,Standard,35,7833,Customer_88,62,Illinois,Gold,2144,0.59
POL00089,CUST00089,Life,North,Approved,Yes,Burglary,Platinum,52,12938,Customer_89,45,New York,Platinum,775,0.38
POL00090,CUST00090,Home,North,Approved,No,Medical Emergency,Gold,19,36195,Customer_90,44,California,Silver,1596,0.69
POL00091,CUST00091,Home,East,Approved,No,Burglary,Standard,12,27144,Customer_91,27,Texas,Silver,2202,0.6
POL00092,CUST00092,Life,West,Approved,Yes,Collision,Premium,18,5000,Customer_92,46,California,Silver,2295,0.76
POL00093,CUST00093,Travel,East,Rejected,No,Burglary,Standard,27,6052,Customer_93,28,Florida,Platinum,742,0.71
POL00094,CUST00094,Life,West,Approved,No,Fire,Standard,44,36506,Customer_94,52,New York,Gold,2310,0.63
POL00095,CUST00095,Travel,South,Rejected,No,Medical Emergency,Platinum,25,29074,Customer_95,36,Florida,Silver,1625,0.54
POL00096,CUST00096,Home,South,Rejected,No,Fire,Gold,20,39155,Customer_96,62,Florida,Silver,1486,0.29
POL00097,CUST00097,Auto,Central,Rejected,No,Burglary,Gold,49,41770,Customer_97,60,Florida,Silver,1184,0.38
POL00098,CUST00098,Home,West,Under Review,No,Collision,Platinum,22,33320,Customer_98,65,New York,Silver,670,0.49
POL00099,CUST00099,Home,Central,Under Review,No,Flood,Standard,51,39304,Customer_99,29,New York,Platinum,1152,0.62
POL00100,CUST00100,Health,North,Rejected,No,Other,Premium,57,47247,Customer_100,37,Illinois,Gold,2432,0.56
POL00101,CUST00101,Health,West,Under Review,No,Other,Standard,28,4913,Customer_101,47,California,Gold,687,0.4
POL00102,CUST00102,Health,East,Approved,No,Burglary,Standard,30,18450,Customer_102,54,California,Platinum,1964,0.2
POL00103,CUST00103,Health,North,Approved,No,Collision,Premium,29,25107,Customer_103,61,Illinois,Silver,1609,0.55
POL00104,CUST00104,Travel,North,Rejected,No,Medical Emergency,Platinum,49,21764,Customer_104,49,Illinois,Gold,1999,0.4
POL00105,CUST00105,Life,East,Approved,No,Fire,Gold,45,44404,Customer_105,51,Florida,Platinum,551,0.71
POL00106,CUST00106,Auto,North,Rejected,No,Fire,Platinum,33,21491,Customer_106,38,Illinois,Silver,610,0.22
POL00107,CUST00107,Home,West,Rejected,Yes,Fire,Platinum,19,39494,Customer_107,60,Texas,Gold,2472,0.61
POL00108,CUST00108,Travel,Central,Approved,No,Medical Emergency,Standard,49,4373,Customer_108,63,California,Silver,1376,0.86
POL00109,CUST00109,Auto,North,Under Review,No,Other,Gold,5,13161,Customer_109,40,Illinois,Silver,2377,0.32
POL00110,CUST00110,Travel,West,Approved,No,Collision,Gold,29,32996,Customer_110,46,Texas,Silver,1566,0.53
POL00111,CUST00111,Travel,South,Approved,No,Medical Emergency,Platinum,11,28122,Customer_111,45,Texas,Gold,710,0.26
POL00112,CUST00112,Home,West,Rejected,No,Fire,Premium,13,35850,Customer_112,45,Texas,Gold,2491,0.64
POL00113,CUST00113,Life,Central,Rejected,No,Burglary,Platinum,28,28350,Customer_113,32,Texas,Platinum,1723,0.59
POL00114,CUST00114,Health,West,Rejected,No,Flood,Premium,5,28472,Customer_114,40,Florida,Gold,2333,0.49
POL00115,CUST00115,Life,East,Rejected,No,Medical Emergency,Gold,48,29761,Customer_115,55,Texas,Platinum,1357,0.56
POL00116,CUST00116,Home,Central,Under Review,No,Medical Emergency,Platinum,12,26351,Customer_116,66,Florida,Platinum,2275,0.83
POL00117,CUST00117,Home,South,Under Review,Yes,Collision,Standard,28,24132,Customer_117,34,Florida,Silver,1126,0.34
POL00118,CUST00118,Home,East,Under Review,No,Collision,Platinum,15,16305,Customer_118,56,Texas,Gold,1549,0.22
POL00119,CUST00119,Auto,West,Rejected,No,Medical Emergency,Gold,55,10817,Customer_119,58,California,Silver,2442,0.8
POL00120,CUST00120,Life,Central,Rejected,Yes,Fire,Standard,21,12261,Customer_120,33,Texas,Gold,798,0.6
POL00121,CUST00121,Life,South,Rejected,No,Flood,Standard,12,1417,Customer_121,41,Texas,Platinum,1600,0.82
POL00122,CUST00122,Travel,East,Under Review,No,Collision,Premium,39,42576,Customer_122,35,Texas,Silver,1423,0.62
POL00123,CUST00123,Travel,South,Rejected,Yes,Fire,Standard,39,21358,Customer_123,56,California,Gold,636,0.77
POL00124,CUST00124,Travel,West,Approved,No,Burglary,Standard,37,4267,Customer_124,34,New York,Gold,1543,0.5
POL00125,CUST00125,Home,South,Approved,No,Collision,Platinum,9,18209,Customer_125,46,New York,Gold,939,0.72
POL00126,CUST00126,Life,North,Rejected,No,Fire,Gold,46,25052,Customer_126,41,Florida,Silver,710,0.84
POL00127,CUST00127,Home,East,Approved,No,Fire,Premium,43,39513,Customer_127,28,Florida,Silver,1251,0.6
POL00128,CUST00128,Auto,South,Approved,No,Flood,Platinum,45,27092,Customer_128,49,California,Silver,2074,0.33
POL00129,CUST00129,Travel,West,Under Review,No,Flood,Standard,32,12338,Customer_129,45,Illinois,Silver,934,0.39
POL00130,CUST00130,Home,West,Rejected,Yes,Burglary,Standard,11,1412,Customer_130,61,New York,Silver,1279,0.34
POL00131,CUST00131,Home,South,Rejected,No,Fire,Premium,13,8543,Customer_131,62,Florida,Gold,1730,0.37
POL00132,CUST00132,Auto,West,Under Review,No,Other,Gold,12,41355,Customer_132,25,New York,Silver,938,0.41
POL00133,CUST00133,Health,Central,Approved,No,Fire,Premium,16,34496,Customer_133,49,California,Platinum,2497,0.59
POL00134,CUST00134,Life,Central,Approved,No,Flood,Platinum,38,24548,Customer_134,60,California,Gold,2302,0.61
POL00135,CUST00135,Health,Central,Rejected,No,Other,Premium,37,28384,Customer_135,41,Illinois,Gold,1165,0.5
POL00136,CUST00136,Travel,North,Approved,No,Collision,Standard,52,45425,Customer_136,65,Illinois,Gold,1565,0.63
POL00137,CUST00137,Home,South,Under Review,No,Collision,Platinum,59,39756,Customer_137,48,California,Gold,910,0.26
POL00138,CUST00138,Auto,North,Under Review,No,Medical Emergency,Standard,27,19888,Customer_138,26,Florida,Platinum,2046,0.26
POL00139,CUST00139,Auto,West,Rejected,Yes,Flood,Gold,28,36735,Customer_139,64,New York,Silver,1305,0.32
POL00140,CUST00140,Life,North,Under Review,No,Medical Emergency,Standard,41,48295,Customer_140,39,Texas,Silver,1109,0.56
POL00141,CUST00141,Health,West,Under Review,No,Other,Standard,39,49816,Customer_141,56,Illinois,Gold,926,0.35
POL00142,CUST00142,Life,West,Rejected,No,Flood,Premium,48,18506,Customer_142,63,Texas,Silver,1798,0.4
POL00143,CUST00143,Home,East,Under Review,No,Burglary,Standard,44,21463,Customer_143,30,Florida,Silver,1971,0.48
POL00144,CUST00144,Life,Central,Under Review,No,Fire,Platinum,26,18955,Customer_144,25,Illinois,Silver,1401,0.77
POL00145,CUST00145,Auto,West,Under Review,No,Burglary,Platinum,31,38841,Customer_145,47,Texas,Silver,1441,0.21
POL00146,CUST00146,Auto,East,Approved,No,Other,Gold,39,6104,Customer_146,63,Florida,Gold,2407,0.65
POL00147,CUST00147,Travel,Central,Rejected,No,Flood,Platinum,5,35911,Customer_147,41,New York,Silver,1241,0.67
POL00148,CUST00148,Travel,West,Rejected,No,Other,Premium,39,24190,Customer_148,58,Florida,Platinum,1892,0.76
POL00149,CUST00149,Home,West,Rejected,No,Fire,Gold,41,8357,Customer_149,65,Illinois,Gold,2461,0.85
POL00150,CUST00150,Health,North,Approved,No,Collision,Platinum,51,33479,Customer_150,53,California,Gold,1743,0.21
POL00151,CUST00151,Life,North,Approved,No,Collision,Premium,18,45811,Customer_151,33,New York,Gold,2100,0.31
POL00152,CUST00152,Home,Central,Rejected,No,Other,Platinum,7,37208,Customer_152,37,Texas,Platinum,2390,0.82
POL00153,CUST00153,Travel,West,Approved,No,Medical Emergency,Platinum,5,21150,Customer_153,30,Illinois,Silver,1755,0.52
POL00154,CUST00154,Life,South,Rejected,No,Flood,Standard,9,6644,Customer_154,30,California,Platinum,827,0.6
POL00155,CUST00155,Travel,North,Approved,No,Flood,Platinum,30,44286,Customer_155,44,Florida,Gold,1966,0.66
POL00156,CUST00156,Life,Central,Under Review,No,Collision,Platinum,59,48320,Customer_156,27,California,Gold,551,0.68
POL00157,CUST00157,Health,West,Under Review,Yes,Burglary,Premium,18,3914,Customer_157,41,Illinois,Gold,2409,0.85
POL00158,CUST00158,Home,West,Rejected,No,Fire,Premium,43,22352,Customer_158,36,Illinois,Silver,2466,0.9
POL00159,CUST00159,Life,South,Approved,No,Burglary,Standard,31,47352,Customer_159,69,California,Gold,875,0.7
POL00160,CUST00160,Auto,Central,Approved,No,Burglary,Platinum,13,45912,Customer_160,25,Florida,Gold,762,0.4
POL00161,CUST00161,Auto,West,Under Review,Yes,Other,Standard,19,15397,Customer_161,41,California,Silver,766,0.82
POL00162,CUST00162,Life,North,Under Review,No,Collision,Platinum,19,42555,Customer_162,27,Illinois,Gold,858,0.23
POL00163,CUST00163,Life,South,Approved,No,Collision,Gold,30,47959,Customer_163,50,Illinois,Silver,1840,0.36
POL00164,CUST00164,Life,Central,Approved,No,Collision,Gold,46,1728,Customer_164,39,Texas,Silver,1847,0.83
POL00165,CUST00165,Auto,South,Approved,No,Other,Standard,17,1698,Customer_165,60,Texas,Silver,2444,0.38
POL00166,CUST00166,Auto,North,Approved,No,Medical Emergency,Standard,55,40954,Customer_166,56,New York,Silver,2431,0.35
POL00167,CUST00167,Life,Central,Approved,Yes,Burglary,Standard,36,48280,Customer_167,56,Illinois,Gold,2189,0.3
POL00168,CUST00168,Travel,South,Approved,Yes,Other,Premium,43,14923,Customer_168,28,Texas,Silver,2393,0.8
POL00169,CUST00169,Travel,East,Rejected,No,Flood,Premium,53,17779,Customer_169,42,California,Platinum,2401,0.55
POL00170,CUST00170,Health,North,Approved,No,Fire,Premium,56,8400,Customer_170,43,Florida,Gold,1151,0.67
POL00171,CUST00171,Home,North,Under Review,Yes,Medical Emergency,Standard,36,25466,Customer_171,67,California,Silver,2462,0.37
POL00172,CUST00172,Travel,North,Rejected,No,Flood,Platinum,8,37939,Customer_172,59,Florida,Gold,2086,0.73
POL00173,CUST00173,Auto,East,Approved,No,Burglary,Gold,34,5360,Customer_173,64,Texas,Platinum,2152,0.73
POL00174,CUST00174,Travel,East,Under Review,No,Collision,Standard,41,36270,Customer_174,38,New York,Gold,1944,0.42
POL00175,CUST00175,Health,West,Rejected,No,Burglary,Premium,27,18101,Customer_175,57,California,Silver,545,0.49
POL00176,CUST00176,Health,South,Under Review,No,Other,Premium,43,33307,Customer_176,38,California,Platinum,2344,0.35
POL00177,CUST00177,Home,West,Approved,No,Fire,Standard,49,6486,Customer_177,58,California,Gold,1099,0.88
POL00178,CUST00178,Travel,South,Approved,Yes,Other,Standard,19,9335,Customer_178,28,Florida,Silver,1219,0.65
POL00179,CUST00179,Auto,East,Approved,Yes,Medical Emergency,Premium,47,22364,Customer_179,48,Texas,Silver,2412,0.85
POL00180,CUST00180,Auto,East,Approved,No,Medical Emergency,Platinum,33,38259,Customer_180,53,California,Gold,1792,0.41
POL00181,CUST00181,Life,West,Rejected,No,Fire,Premium,40,24576,Customer_181,43,California,Silver,1100,0.75
POL00182,CUST00182,Auto,Central,Rejected,Yes,Flood,Premium,17,32667,Customer_182,30,New York,Platinum,880,0.74
POL00183,CUST00183,Home,West,Under Review,No,Flood,Standard,36,12130,Customer_183,57,New York,Silver,617,0.68
POL00184,CUST00184,Home,South,Approved,No,Medical Emergency,Platinum,11,22972,Customer_184,64,Texas,Platinum,2089,0.88
POL00185,CUST00185,Auto,West,Under Review,Yes,Medical Emergency,Premium,55,41419,Customer_185,43,Texas,Gold,2476,0.48
POL00186,CUST00186,Auto,North,Rejected,Yes,Collision,Premium,26,2167,Customer_186,25,Illinois,Silver,615,0.29
POL00187,CUST00187,Life,South,Approved,No,Flood,Gold,32,28192,Customer_187,29,New York,Silver,2153,0.67
POL00188,CUST00188,Auto,South,Approved,No,Fire,Standard,6,2062,Customer_188,51,Illinois,Gold,759,0.71
POL00189,CUST00189,Life,Central,Rejected,No,Flood,Gold,46,19540,Customer_189,40,Florida,Gold,1598,0.6
POL00190,CUST00190,Life,East,Rejected,No,Collision,Gold,49,25244,Customer_190,30,Illinois,Gold,2003,0.34
POL00191,CUST00191,Auto,South,Rejected,No,Other,Premium,57,22545,Customer_191,64,California,Silver,804,0.55
POL00192,CUST00192,Health,East,Rejected,No,Medical Emergency,Standard,10,22689,Customer_192,37,Illinois,Silver,506,0.42
POL00193,CUST00193,Health,West,Rejected,No,Medical Emergency,Platinum,32,12174,Customer_193,59,Texas,Silver,865,0.5
POL00194,CUST00194,Life,North,Approved,No,Collision,Premium,32,23925,Customer_194,43,Florida,Gold,2157,0.65
POL00195,CUST00195,Auto,Central,Rejected,No,Fire,Platinum,48,38497,Customer_195,36,California,Silver,1022,0.72
POL00196,CUST00196,Health,East,Approved,No,Medical Emergency,Platinum,48,10348,Customer_196,40,Illinois,Gold,1871,0.36
POL00197,CUST00197,Auto,South,Approved,Yes,Burglary,Standard,24,24714,Customer_197,67,Florida,Gold,1961,0.48
POL00198,CUST00198,Auto,East,Rejected,No,Medical Emergency,Gold,34,39102,Customer_198,34,Florida,Platinum,1738,0.39
POL00199,CUST00199,Auto,South,Rejected,No,Burglary,Standard,15,9924,Customer_199,49,California,Silver,928,0.34
POL00200,CUST00200,Travel,East,Approved,No,Collision,Platinum,59,38098,Customer_200,44,Illinois,Silver,1290,0.75
POL00201,CUST00201,Auto,South,Rejected,No,Collision,Premium,32,25394,Customer_201,55,Florida,Gold,2021,0.84
POL00202,CUST00202,Travel,West,Rejected,No,Medical Emergency,Platinum,29,7801,Customer_202,28,Florida,Gold,2063,0.46
POL00203,CUST00203,Life,South,Rejected,No,Flood,Premium,43,38614,Customer_203,68,New York,Silver,1246,0.73
POL00204,CUST00204,Health,South,Under Review,No,Burglary,Premium,37,7731,Customer_204,47,Florida,Platinum,866,0.83
POL00205,CUST00205,Health,North,Approved,No,Fire,Standard,5,49136,Customer_205,26,New York,Platinum,812,0.79
POL00206,CUST00206,Health,South,Under Review,No,Medical Emergency,Platinum,31,24625,Customer_206,46,Illinois,Silver,1037,0.33
POL00207,CUST00207,Health,North,Rejected,No,Fire,Gold,56,18337,Customer_207,61,Illinois,Silver,1420,0.87
POL00208,CUST00208,Health,Central,Under Review,Yes,Medical Emergency,Platinum,17,36307,Customer_208,32,Illinois,Gold,1577,0.46
POL00209,CUST00209,Health,North,Rejected,No,Flood,Platinum,45,8056,Customer_209,31,Texas,Gold,2064,0.44
POL00210,CUST00210,Health,West,Under Review,No,Flood,Gold,7,12516,Customer_210,38,Illinois,Silver,1990,0.24
POL00211,CUST00211,Life,North,Rejected,No,Flood,Standard,43,45261,Customer_211,27,Florida,Gold,1364,0.54
POL00212,CUST00212,Auto,Central,Under Review,No,Other,Platinum,10,2542,Customer_212,40,California,Gold,1687,0.28
POL00213,CUST00213,Home,West,Under Review,No,Flood,Platinum,12,22677,Customer_213,43,New York,Silver,1281,0.37
POL00214,CUST00214,Travel,East,Under Review,No,Collision,Premium,31,47732,Customer_214,42,Texas,Gold,833,0.42
POL00215,CUST00215,Home,East,Approved,Yes,Collision,Platinum,13,40081,Customer_215,40,Illinois,Platinum,2070,0.77
POL00216,CUST00216,Home,North,Under Review,No,Other,Gold,41,28569,Customer_216,32,Illinois,Silver,1297,0.81
POL00217,CUST00217,Auto,North,Approved,No,Burglary,Premium,37,24322,Customer_217,57,California,Silver,847,0.41
POL00218,CUST00218,Auto,Central,Rejected,No,Fire,Standard,55,20065,Customer_218,36,California,Gold,772,0.8
POL00219,CUST00219,Auto,Central,Under Review,Yes,Medical Emergency,Premium,46,18924,Customer_219,35,Texas,Platinum,1462,0.8
POL00220,CUST00220,Health,South,Rejected,No,Medical Emergency,Gold,48,23556,Customer_220,29,New York,Platinum,1219,0.74
POL00221,CUST00221,Life,Central,Rejected,No,Other,Gold,28,27962,Customer_221,51,Illinois,Gold,2273,0.3
POL00222,CUST00222,Health,South,Under Review,No,Collision,Premium,19,29295,Customer_222,36,Texas,Gold,1937,0.68
POL00223,CUST00223,Life,West,Approved,No,Medical Emergency,Standard,58,14807,Customer_223,41,Florida,Gold,999,0.86
POL00224,CUST00224,Life,North,Under Review,No,Collision,Premium,36,43348,Customer_224,30,Florida,Gold,1616,0.68
POL00225,CUST00225,Home,West,Rejected,Yes,Burglary,Standard,36,27432,Customer_225,57,Texas,Silver,1184,0.43
POL00226,CUST00226,Home,Central,Rejected,No,Fire,Premium,28,18749,Customer_226,29,Illinois,Silver,578,0.55
POL00227,CUST00227,Life,West,Under Review,No,Burglary,Gold,45,42459,Customer_227,52,Texas,Silver,1121,0.65
POL00228,CUST00228,Life,West,Approved,No,Other,Platinum,56,27256,Customer_228,38,Illinois,Gold,1740,0.56
POL00229,CUST00229,Health,West,Approved,No,Flood,Platinum,53,41262,Customer_229,29,California,Silver,1446,0.28
POL00230,CUST00230,Health,Central,Rejected,No,Flood,Standard,53,38080,Customer_230,57,Texas,Platinum,857,0.42
POL00231,CUST00231,Home,West,Rejected,No,Flood,Standard,56,2324,Customer_231,65,Illinois,Silver,1117,0.76
POL00232,CUST00232,Auto,South,Approved,No,Burglary,Standard,16,26731,Customer_232,43,Texas,Silver,1006,0.8
POL00233,CUST00233,Life,Central,Under Review,No,Medical Emergency,Gold,43,36909,Customer_233,46,Texas,Gold,2082,0.3
POL00234,CUST00234,Health,West,Rejected,No,Fire,Premium,6,24803,Customer_234,29,Illinois,Gold,1704,0.87
POL00235,CUST00235,Home,Central,Approved,No,Flood,Gold,7,20870,Customer_235,26,Illinois,Silver,1075,0.43
POL00236,CUST00236,Health,East,Rejected,No,Other,Platinum,53,35578,Customer_236,54,New York,Silver,1769,0.66
POL00237,CUST00237,Life,South,Under Review,No,Other,Standard,41,7588,Customer_237,63,Texas,Platinum,743,0.73
POL00238,CUST00238,Life,West,Approved,No,Flood,Premium,53,39069,Customer_238,28,Florida,Silver,1005,0.77
POL00239,CUST00239,Travel,East,Rejected,No,Flood,Platinum,21,27790,Customer_239,57,Texas,Silver,921,0.86
POL00240,CUST00240,Auto,East,Under Review,Yes,Fire,Platinum,53,26289,Customer_240,37,Texas,Platinum,1843,0.42
POL00241,CUST00241,Travel,Central,Rejected,Yes,Flood,Platinum,6,29178,Customer_241,44,Illinois,Silver,1610,0.8
POL00242,CUST00242,Home,East,Under Review,No,Fire,Gold,6,29710,Customer_242,31,Texas,Gold,716,0.29
POL00243,CUST00243,Health,South,Under Review,No,Other,Standard,32,16485,Customer_243,39,Texas,Silver,2013,0.69
POL00244,CUST00244,Home,South,Approved,No,Flood,Platinum,58,45482,Customer_244,47,Florida,Silver,2042,0.72
POL00245,CUST00245,Life,North,Under Review,No,Burglary,Standard,27,21652,Customer_245,38,Illinois,Silver,1801,0.67
POL00246,CUST00246,Travel,South,Rejected,No,Burglary,Gold,41,5748,Customer_246,47,Texas,Silver,2372,0.38
POL00247,CUST00247,Travel,East,Under Review,No,Other,Platinum,36,22233,Customer_247,43,California,Silver,2245,0.81
POL00248,CUST00248,Travel,South,Under Review,No,Fire,Gold,37,10435,Customer_248,53,New York,Silver,1508,0.32
POL00249,CUST00249,Home,Central,Approved,No,Burglary,Gold,5,4709,Customer_249,44,Florida,Gold,1692,0.24
POL00250,CUST00250,Life,North,Under Review,No,Fire,Standard,23,31355,Customer_250,53,Texas,Silver,829,0.7
POL00251,CUST00251,Health,East,Under Review,No,Burglary,Platinum,6,14116,Customer_251,48,California,Gold,1149,0.53
POL00252,CUST00252,Health,North,Rejected,No,Burglary,Gold,57,26470,Customer_252,42,Texas,Platinum,1964,0.79
POL00253,CUST00253,Home,East,Approved,No,Fire,Platinum,48,43344,Customer_253,34,Texas,Gold,890,0.47
POL00254,CUST00254,Travel,Central,Approved,No,Medical Emergency,Standard,30,43918,Customer_254,65,Illinois,Silver,2019,0.32
POL00255,CUST00255,Auto,North,Approved,No,Burglary,Gold,36,40298,Customer_255,32,Illinois,Platinum,880,0.79
POL00256,CUST00256,Home,West,Under Review,No,Flood,Standard,10,43956,Customer_256,50,Illinois,Silver,1829,0.58
POL00257,CUST00257,Home,East,Approved,No,Other,Platinum,36,15683,Customer_257,53,California,Silver,1241,0.33
POL00258,CUST00258,Life,West,Under Review,No,Medical Emergency,Platinum,59,1504,Customer_258,34,Texas,Gold,1319,0.7
POL00259,CUST00259,Health,North,Under Review,No,Fire,Standard,8,34982,Customer_259,41,New York,Gold,1172,0.56
POL00260,CUST00260,Home,West,Rejected,No,Medical Emergency,Premium,59,35299,Customer_260,26,Florida,Gold,1012,0.62
POL00261,CUST00261,Home,West,Rejected,No,Collision,Gold,15,29016,Customer_261,30,Illinois,Silver,2271,0.52
POL00262,CUST00262,Travel,North,Rejected,No,Collision,Platinum,21,24960,Customer_262,29,Illinois,Gold,1448,0.78
POL00263,CUST00263,Travel,Central,Rejected,Yes,Burglary,Platinum,42,34591,Customer_263,52,Texas,Silver,1711,0.78
POL00264,CUST00264,Auto,West,Rejected,No,Burglary,Gold,28,18312,Customer_264,65,Texas,Platinum,1429,0.7
POL00265,CUST00265,Life,West,Under Review,No,Flood,Standard,9,38797,Customer_265,29,California,Silver,2039,0.27
POL00266,CUST00266,Auto,Central,Under Review,No,Other,Standard,56,47196,Customer_266,42,California,Platinum,1412,0.79
POL00267,CUST00267,Travel,West,Approved,No,Medical Emergency,Standard,38,3105,Customer_267,50,Illinois,Gold,1143,0.67
POL00268,CUST00268,Health,West,Under Review,No,Collision,Premium,10,37395,Customer_268,44,Texas,Platinum,926,0.69
POL00269,CUST00269,Travel,West,Under Review,Yes,Burglary,Premium,26,46740,Customer_269,65,New York,Gold,1001,0.45
POL00270,CUST00270,Life,South,Rejected,No,Other,Platinum,15,23700,Customer_270,51,Florida,Gold,1229,0.82
POL00271,CUST00271,Travel,Central,Under Review,No,Medical Emergency,Standard,52,35620,Customer_271,36,Texas,Silver,1783,0.71
POL00272,CUST00272,Life,West,Rejected,No,Burglary,Gold,20,38678,Customer_272,31,Texas,Silver,2036,0.28
POL00273,CUST00273,Life,Central,Approved,No,Burglary,Platinum,37,21559,Customer_273,27,California,Silver,570,0.49
POL00274,CUST00274,Life,East,Approved,No,Collision,Gold,13,28509,Customer_274,34,Florida,Platinum,977,0.82
POL00275,CUST00275,Life,East,Under Review,No,Collision,Platinum,10,28860,Customer_275,58,Illinois,Platinum,1701,0.23
POL00276,CUST00276,Life,West,Approved,No,Burglary,Premium,20,12003,Customer_276,49,Texas,Gold,956,0.87
POL00277,CUST00277,Health,Central,Under Review,Yes,Fire,Platinum,33,22732,Customer_277,59,Illinois,Silver,688,0.68
POL00278,CUST00278,Auto,Central,Approved,No,Burglary,Premium,7,26826,Customer_278,40,Texas,Silver,790,0.64
POL00279,CUST00279,Home,Central,Rejected,No,Other,Platinum,24,31354,Customer_279,26,Illinois,Gold,2043,0.39
POL00280,CUST00280,Auto,South,Rejected,No,Burglary,Standard,40,14843,Customer_280,48,Florida,Gold,2288,0.37
POL00281,CUST00281,Life,East,Rejected,No,Flood,Gold,23,45472,Customer_281,34,California,Gold,1419,0.86
POL00282,CUST00282,Health,Central,Rejected,No,Flood,Standard,30,49529,Customer_282,62,Florida,Platinum,791,0.41
POL00283,CUST00283,Travel,Central,Under Review,No,Flood,Platinum,7,7190,Customer_283,46,New York,Silver,2469,0.74
POL00284,CUST00284,Health,South,Approved,No,Fire,Platinum,23,18640,Customer_284,50,California,Gold,1255,0.48
POL00285,CUST00285,Life,South,Under Review,No,Fire,Platinum,24,39413,Customer_285,67,Florida,Gold,2158,0.3
POL00286,CUST00286,Health,Central,Rejected,No,Burglary,Premium,36,43356,Customer_286,63,New York,Silver,2334,0.21
POL00287,CUST00287,Health,North,Under Review,No,Flood,Gold,11,45597,Customer_287,51,Texas,Silver,1806,0.58
POL00288,CUST00288,Life,Central,Approved,No,Fire,Gold,56,41821,Customer_288,53,Texas,Silver,2067,0.88
POL00289,CUST00289,Health,Central,Under Review,Yes,Collision,Platinum,45,4330,Customer_289,62,Illinois,Platinum,2369,0.46
POL00290,CUST00290,Home,South,Approved,No,Burglary,Platinum,37,20087,Customer_290,44,California,Gold,876,0.45
POL00291,CUST00291,Home,South,Under Review,No,Other,Premium,44,42430,Customer_291,51,Texas,Gold,2181,0.44
POL00292,CUST00292,Health,Central,Approved,Yes,Medical Emergency,Standard,43,25504,Customer_292,65,California,Platinum,1679,0.56
POL00293,CUST00293,Travel,Central,Approved,No,Burglary,Standard,22,8114,Customer_293,44,Texas,Gold,1007,0.51
POL00294,CUST00294,Life,Central,Rejected,Yes,Medical Emergency,Gold,44,14323,Customer_294,68,Illinois,Silver,1936,0.82
POL00295,CUST00295,Home,South,Approved,No,Flood,Premium,5,35121,Customer_295,43,Florida,Gold,1027,0.55
POL00296,CUST00296,Travel,Central,Rejected,No,Medical Emergency,Platinum,15,11975,Customer_296,44,Illinois,Gold,1878,0.56
POL00297,CUST00297,Health,Central,Rejected,No,Flood,Gold,32,12023,Customer_297,59,New York,Gold,1058,0.3
POL00298,CUST00298,Travel,West,Rejected,No,Collision,Premium,29,22447,Customer_298,26,Texas,Gold,2286,0.89
POL00299,CUST00299,Auto,North,Under Review,No,Medical Emergency,Standard,54,25933,Customer_299,54,New York,Gold,1710,0.37
POL00300,CUST00300,Home,East,Under Review,No,Burglary,Premium,27,24959,Customer_300,58,New York,Silver,1554,0.25
POL00301,CUST00301,Health,North,Under Review,No,Flood,Standard,35,1667,Customer_301,46,California,Platinum,759,0.66
POL00302,CUST00302,Life,West,Under Review,No,Burglary,Premium,34,30703,Customer_302,27,Texas,Silver,920,0.62
POL00303,CUST00303,Health,East,Approved,No,Fire,Gold,46,10337,Customer_303,30,New York,Silver,2052,0.49
POL00304,CUST00304,Life,Central,Approved,Yes,Flood,Standard,39,47427,Customer_304,39,Florida,Silver,2074,0.5
POL00305,CUST00305,Health,West,Under Review,No,Medical Emergency,Gold,11,37487,Customer_305,51,New York,Silver,803,0.75
POL00306,CUST00306,Travel,Central,Approved,No,Flood,Gold,20,20129,Customer_306,34,Florida,Silver,1441,0.34
POL00307,CUST00307,Travel,South,Approved,No,Burglary,Standard,30,41251,Customer_307,33,California,Platinum,2467,0.77
POL00308,CUST00308,Travel,West,Rejected,No,Collision,Standard,52,32921,Customer_308,57,New York,Platinum,1562,0.65
POL00309,CUST00309,Auto,South,Rejected,Yes,Flood,Platinum,56,34307,Customer_309,56,Illinois,Silver,2012,0.49
POL00310,CUST00310,Life,West,Rejected,No,Medical Emergency,Platinum,53,28355,Customer_310,30,California,Silver,2167,0.52
POL00311,CUST00311,Travel,West,Rejected,No,Fire,Platinum,6,38732,Customer_311,65,Florida,Silver,1041,0.38
POL00312,CUST00312,Auto,South,Approved,No,Other,Gold,5,5835,Customer_312,60,California,Silver,2193,0.73
POL00313,CUST00313,Life,East,Under Review,No,Collision,Gold,52,21159,Customer_313,26,New York,Silver,1801,0.56
POL00314,CUST00314,Health,North,Approved,No,Fire,Platinum,16,39810,Customer_314,53,Texas,Platinum,1726,0.42
POL00315,CUST00315,Auto,Central,Approved,No,Flood,Gold,9,48605,Customer_315,28,Texas,Silver,1589,0.62
POL00316,CUST00316,Home,West,Approved,No,Burglary,Gold,41,41080,Customer_316,25,Florida,Gold,607,0.9
POL00317,CUST00317,Auto,Central,Rejected,No,Burglary,Standard,36,39088,Customer_317,43,Florida,Silver,767,0.5
POL00318,CUST00318,Auto,South,Rejected,No,Medical Emergency,Standard,59,14216,Customer_318,50,Texas,Platinum,721,0.84
POL00319,CUST00319,Life,Central,Rejected,Yes,Burglary,Gold,13,36547,Customer_319,49,Florida,Gold,2327,0.44
POL00320,CUST00320,Health,South,Under Review,Yes,Collision,Platinum,45,32471,Customer_320,34,California,Platinum,2053,0.24
POL00321,CUST00321,Home,Central,Approved,No,Burglary,Premium,39,18308,Customer_321,39,Illinois,Gold,1613,0.34
POL00322,CUST00322,Travel,North,Under Review,No,Medical Emergency,Platinum,23,28532,Customer_322,46,Illinois,Silver,1192,0.49
POL00323,CUST00323,Travel,North,Rejected,No,Other,Premium,52,35349,Customer_323,45,California,Silver,754,0.35
POL00324,CUST00324,Auto,North,Under Review,No,Flood,Platinum,20,46445,Customer_324,46,Illinois,Gold,1978,0.2
POL00325,CUST00325,Life,North,Approved,Yes,Flood,Standard,7,6713,Customer_325,60,New York,Silver,752,0.84
POL00326,CUST00326,Life,North,Approved,No,Burglary,Gold,24,5804,Customer_326,58,California,Gold,756,0.79
POL00327,CUST00327,Travel,North,Rejected,No,Fire,Gold,28,11136,Customer_327,54,Florida,Silver,882,0.72
POL00328,CUST00328,Home,South,Rejected,No,Flood,Standard,58,1009,Customer_328,49,California,Silver,941,0.32
POL00329,CUST00329,Health,West,Under Review,No,Other,Premium,37,20255,Customer_329,69,Texas,Gold,2381,0.28
POL00330,CUST00330,Home,Central,Rejected,No,Burglary,Premium,28,24793,Customer_330,52,Florida,Gold,1098,0.25
POL00331,CUST00331,Health,North,Rejected,No,Medical Emergency,Premium,56,30548,Customer_331,25,Texas,Gold,1613,0.71
POL00332,CUST00332,Travel,South,Approved,No,Other,Standard,15,38892,Customer_332,69,Florida,Silver,2272,0.85
POL00333,CUST00333,Health,South,Rejected,No,Burglary,Premium,53,2015,Customer_333,28,Illinois,Gold,889,0.5
POL00334,CUST00334,Life,South,Rejected,No,Other,Standard,12,28712,Customer_334,31,California,Silver,1081,0.28
POL00335,CUST00335,Auto,West,Approved,No,Flood,Platinum,40,35961,Customer_335,33,New York,Silver,1567,0.56
POL00336,CUST00336,Auto,Central,Approved,No,Medical Emergency,Platinum,42,9415,Customer_336,60,Florida,Gold,2235,0.44
POL00337,CUST00337,Travel,West,Under Review,No,Burglary,Standard,44,47318,Customer_337,43,Florida,Silver,2187,0.46
POL00338,CUST00338,Life,East,Rejected,No,Collision,Gold,24,48280,Customer_338,25,Texas,Silver,1097,0.63
POL00339,CUST00339,Home,South,Approved,No,Medical Emergency,Platinum,39,24833,Customer_339,34,Illinois,Silver,518,0.7
POL00340,CUST00340,Life,East,Under Review,No,Collision,Premium,52,5158,Customer_340,60,Texas,Silver,1624,0.28
POL00341,CUST00341,Auto,North,Under Review,No,Other,Standard,29,21309,Customer_341,33,Texas,Silver,2437,0.22
POL00342,CUST00342,Auto,North,Rejected,No,Fire,Premium,39,7970,Customer_342,69,Illinois,Silver,1106,0.9
POL00343,CUST00343,Life,West,Rejected,Yes,Medical Emergency,Premium,29,7938,Customer_343,66,New York,Silver,2289,0.36
POL00344,CUST00344,Life,Central,Under Review,No,Other,Gold,33,22168,Customer_344,56,Texas,Silver,1880,0.24
POL00345,CUST00345,Auto,East,Approved,No,Collision,Premium,22,47540,Customer_345,56,Texas,Gold,2065,0.33
POL00346,CUST00346,Home,Central,Under Review,No,Flood,Gold,50,21384,Customer_346,30,Florida,Silver,2284,0.23
POL00347,CUST00347,Travel,West,Rejected,No,Flood,Platinum,22,19017,Customer_347,62,Illinois,Silver,2461,0.47
POL00348,CUST00348,Travel,North,Approved,No,Fire,Standard,6,11344,Customer_348,41,California,Silver,532,0.76
POL00349,CUST00349,Life,Central,Approved,No,Medical Emergency,Premium,58,41034,Customer_349,34,New York,Gold,2493,0.44
POL00350,CUST00350,Travel,Central,Under Review,No,Medical Emergency,Standard,39,9702,Customer_350,51,New York,Platinum,1752,0.51
POL00351,CUST00351,Auto,North,Rejected,No,Medical Emergency,Premium,20,1384,Customer_351,59,Illinois,Gold,2047,0.67
POL00352,CUST00352,Auto,East,Under Review,No,Other,Standard,45,1404,Customer_352,45,Florida,Gold,2153,0.56
POL00353,CUST00353,Life,North,Under Review,No,Fire,Premium,40,41943,Customer_353,49,Florida,Gold,1361,0.8
POL00354,CUST00354,Life,Central,Under Review,No,Medical Emergency,Premium,37,48926,Customer_354,52,Illinois,Gold,654,0.81
POL00355,CUST00355,Life,East,Approved,No,Other,Premium,8,30189,Customer_355,39,Florida,Gold,1946,0.21
POL00356,CUST00356,Home,East,Approved,No,Flood,Premium,37,13763,Customer_356,28,New York,Silver,1404,0.74
POL00357,CUST00357,Travel,North,Rejected,No,Collision,Premium,18,19384,Customer_357,53,New York,Silver,1769,0.52
POL00358,CUST00358,Life,Central,Rejected,No,Other,Premium,25,33606,Customer_358,33,California,Silver,904,0.89
POL00359,CUST00359,Health,West,Under Review,No,Flood,Premium,52,10860,Customer_359,51,Illinois,Platinum,1343,0.54
POL00360,CUST00360,Health,Central,Under Review,No,Flood,Premium,24,39757,Customer_360,50,Texas,Gold,2282,0.89
POL00361,CUST00361,Auto,South,Under Review,No,Collision,Premium,12,16106,Customer_361,43,Texas,Gold,2064,0.73
POL00362,CUST00362,Travel,West,Rejected,No,Flood,Standard,11,24574,Customer_362,52,California,Silver,1684,0.37
POL00363,CUST00363,Life,East,Approved,No,Fire,Gold,7,24524,Customer_363,41,California,Gold,1246,0.58
POL00364,CUST00364,Health,West,Approved,No,Collision,Premium,21,4636,Customer_364,67,Florida,Silver,2225,0.89
POL00365,CUST00365,Travel,East,Under Review,No,Flood,Gold,37,11916,Customer_365,65,California,Silver,1640,0.8
POL00366,CUST00366,Auto,East,Under Review,No,Burglary,Premium,52,5809,Customer_366,66,California,Platinum,770,0.27
POL00367,CUST00367,Home,West,Under Review,No,Other,Premium,16,33201,Customer_367,44,Texas,Gold,1269,0.69
POL00368,CUST00368,Travel,East,Under Review,Yes,Flood,Standard,55,14456,Customer_368,69,Florida,Silver,2215,0.44
POL00369,CUST00369,Travel,East,Rejected,No,Fire,Platinum,26,49212,Customer_369,64,California,Platinum,2010,0.2
POL00370,CUST00370,Home,South,Approved,Yes,Medical Emergency,Platinum,59,39765,Customer_370,63,California,Silver,2408,0.48
POL00371,CUST00371,Travel,Central,Under Review,No,Flood,Standard,26,35816,Customer_371,47,Florida,Platinum,671,0.36
POL00372,CUST00372,Auto,Central,Rejected,No,Medical Emergency,Gold,50,46106,Customer_372,56,Illinois,Silver,2473,0.77
POL00373,CUST00373,Auto,South,Under Review,No,Burglary,Platinum,34,18100,Customer_373,57,Florida,Silver,773,0.44
POL00374,CUST00374,Home,West,Under Review,Yes,Flood,Standard,42,22949,Customer_374,29,Texas,Silver,758,0.78
POL00375,CUST00375,Life,North,Approved,No,Collision,Standard,42,5544,Customer_375,67,Illinois,Silver,1658,0.2
POL00376,CUST00376,Health,North,Under Review,No,Medical Emergency,Platinum,49,38744,Customer_376,58,New York,Silver,2206,0.42
POL00377,CUST00377,Life,North,Approved,No,Burglary,Gold,55,46543,Customer_377,64,Florida,Gold,2245,0.37
POL00378,CUST00378,Travel,South,Approved,No,Collision,Standard,58,43783,Customer_378,35,Texas,Platinum,2271,0.36
POL00379,CUST00379,Health,South,Approved,No,Collision,Premium,12,27657,Customer_379,27,Illinois,Gold,921,0.25
POL00380,CUST00380,Home,East,Rejected,No,Collision,Gold,31,37187,Customer_380,57,Florida,Silver,1944,0.33
POL00381,CUST00381,Home,North,Rejected,No,Collision,Gold,31,48198,Customer_381,35,California,Gold,1709,0.59
POL00382,CUST00382,Health,West,Approved,No,Flood,Platinum,38,8239,Customer_382,40,Florida,Silver,2452,0.4
POL00383,CUST00383,Auto,West,Under Review,Yes,Other,Platinum,25,15489,Customer_383,42,New York,Silver,863,0.49
POL00384,CUST00384,Health,North,Approved,Yes,Flood,Premium,34,44125,Customer_384,54,Florida,Gold,2478,0.46
POL00385,CUST00385,Travel,North,Under Review,No,Flood,Standard,37,29538,Customer_385,34,Illinois,Gold,2130,0.81
POL00386,CUST00386,Auto,North,Approved,No,Burglary,Platinum,32,33049,Customer_386,42,Illinois,Silver,877,0.83
POL00387,CUST00387,Home,South,Under Review,Yes,Burglary,Platinum,51,38131,Customer_387,62,Florida,Silver,2046,0.55
POL00388,CUST00388,Health,South,Rejected,No,Other,Gold,37,43944,Customer_388,43,Illinois,Platinum,1079,0.43
POL00389,CUST00389,Life,South,Under Review,No,Burglary,Platinum,9,9427,Customer_389,60,California,Silver,1390,0.27
POL00390,CUST00390,Life,Central,Approved,Yes,Fire,Platinum,52,42348,Customer_390,37,Florida,Gold,1221,0.87
POL00391,CUST00391,Travel,West,Rejected,No,Other,Platinum,23,25285,Customer_391,27,California,Gold,1719,0.24
POL00392,CUST00392,Life,West,Under Review,No,Burglary,Platinum,8,38626,Customer_392,34,California,Silver,1380,0.41
POL00393,CUST00393,Health,East,Under Review,No,Other,Gold,39,43808,Customer_393,62,Texas,Silver,1621,0.41
POL00394,CUST00394,Health,South,Under Review,Yes,Flood,Premium,53,23928,Customer_394,25,Florida,Silver,1104,0.42
POL00395,CUST00395,Life,Central,Under Review,Yes,Flood,Premium,21,20198,Customer_395,51,Illinois,Gold,521,0.32
POL00396,CUST00396,Health,Central,Under Review,Yes,Other,Standard,48,20758,Customer_396,32,California,Gold,1973,0.75
POL00397,CUST00397,Travel,West,Rejected,No,Fire,Platinum,32,16254,Customer_397,66,Texas,Gold,1695,0.29
POL00398,CUST00398,Auto,South,Rejected,Yes,Fire,Gold,34,45238,Customer_398,41,Florida,Platinum,882,0.64
POL00399,CUST00399,Travel,East,Rejected,No,Other,Standard,33,2252,Customer_399,33,Florida,Gold,633,0.29
POL00400,CUST00400,Travel,South,Rejected,No,Burglary,Standard,50,40764,Customer_400,30,New York,Gold,1949,0.25
POL00401,CUST00401,Health,North,Approved,No,Medical Emergency,Premium,57,13173,Customer_401,67,New York,Gold,1548,0.84
POL00402,CUST00402,Auto,South,Rejected,No,Fire,Gold,10,38441,Customer_402,49,California,Gold,1002,0.33
POL00403,CUST00403,Health,North,Under Review,No,Collision,Gold,39,27698,Customer_403,63,New York,Gold,1708,0.77
POL00404,CUST00404,Home,North,Under Review,No,Flood,Gold,45,16781,Customer_404,52,California,Gold,1608,0.58
POL00405,CUST00405,Health,East,Rejected,No,Other,Premium,41,14051,Customer_405,57,Illinois,Gold,2090,0.25
POL00406,CUST00406,Health,West,Under Review,No,Collision,Premium,28,40649,Customer_406,61,California,Silver,2286,0.87
POL00407,CUST00407,Health,South,Rejected,No,Other,Premium,33,7949,Customer_407,33,New York,Gold,643,0.37
POL00408,CUST00408,Auto,North,Under Review,No,Flood,Premium,53,43289,Customer_408,42,Illinois,Silver,2386,0.8
POL00409,CUST00409,Health,South,Approved,No,Flood,Premium,50,9017,Customer_409,45,New York,Silver,2433,0.32
POL00410,CUST00410,Auto,West,Approved,No,Fire,Platinum,57,7941,Customer_410,26,California,Silver,2202,0.8
POL00411,CUST00411,Life,West,Rejected,No,Fire,Platinum,35,26934,Customer_411,67,Texas,Gold,1935,0.21
POL00412,CUST00412,Home,Central,Rejected,No,Collision,Gold,39,24386,Customer_412,62,Florida,Gold,723,0.56
POL00413,CUST00413,Auto,West,Rejected,No,Other,Standard,37,11209,Customer_413,64,New York,Silver,719,0.74
POL00414,CUST00414,Life,East,Under Review,No,Flood,Gold,56,18715,Customer_414,60,California,Gold,678,0.85
POL00415,CUST00415,Auto,North,Rejected,No,Collision,Standard,25,29920,Customer_415,67,Illinois,Gold,2154,0.84
POL00416,CUST00416,Auto,Central,Approved,Yes,Medical Emergency,Premium,36,32703,Customer_416,61,New York,Silver,932,0.77
POL00417,CUST00417,Home,East,Under Review,No,Collision,Standard,27,43318,Customer_417,39,New York,Gold,764,0.82
POL00418,CUST00418,Travel,South,Rejected,No,Burglary,Gold,37,5637,Customer_418,52,Florida,Gold,1453,0.34
POL00419,CUST00419,Travel,North,Under Review,No,Collision,Gold,7,5854,Customer_419,42,California,Gold,928,0.4
POL00420,CUST00420,Auto,West,Under Review,Yes,Burglary,Standard,22,44088,Customer_420,58,Texas,Gold,2185,0.4
POL00421,CUST00421,Health,North,Rejected,No,Burglary,Platinum,29,38660,Customer_421,46,Illinois,Gold,915,0.46
POL00422,CUST00422,Life,South,Under Review,Yes,Burglary,Premium,46,40811,Customer_422,35,California,Silver,1976,0.48
POL00423,CUST00423,Health,Central,Approved,No,Medical Emergency,Premium,35,20856,Customer_423,37,Illinois,Silver,1226,0.58
POL00424,CUST00424,Health,Central,Approved,Yes,Collision,Gold,58,22833,Customer_424,28,New York,Silver,696,0.31
POL00425,CUST00425,Auto,Central,Under Review,No,Collision,Platinum,7,20963,Customer_425,46,Florida,Platinum,2077,0.68
POL00426,CUST00426,Auto,West,Rejected,Yes,Medical Emergency,Standard,44,37932,Customer_426,31,Florida,Silver,1576,0.32
POL00427,CUST00427,Auto,East,Under Review,No,Flood,Premium,50,28169,Customer_427,67,Texas,Silver,979,0.42
POL00428,CUST00428,Auto,East,Approved,No,Fire,Platinum,28,8941,Customer_428,48,Florida,Platinum,1966,0.55
POL00429,CUST00429,Travel,North,Under Review,No,Collision,Premium,54,15388,Customer_429,28,New York,Platinum,1853,0.76
POL00430,CUST00430,Auto,West,Under Review,No,Fire,Platinum,36,6569,Customer_430,52,Texas,Gold,1774,0.72
POL00431,CUST00431,Travel,Central,Approved,No,Other,Platinum,51,5300,Customer_431,39,California,Silver,2330,0.65
POL00432,CUST00432,Travel,Central,Under Review,Yes,Other,Gold,26,40037,Customer_432,25,Florida,Silver,1389,0.31
POL00433,CUST00433,Auto,South,Under Review,Yes,Medical Emergency,Premium,27,37586,Customer_433,27,Texas,Silver,2306,0.58
POL00434,CUST00434,Home,South,Rejected,No,Other,Standard,6,13015,Customer_434,38,New York,Silver,2490,0.26
POL00435,CUST00435,Life,Central,Rejected,No,Other,Gold,31,46002,Customer_435,62,Illinois,Silver,1424,0.46
POL00436,CUST00436,Health,Central,Approved,No,Flood,Gold,46,7254,Customer_436,25,Illinois,Gold,622,0.49
POL00437,CUST00437,Travel,West,Approved,No,Flood,Standard,6,18144,Customer_437,62,New York,Platinum,2402,0.23
POL00438,CUST00438,Life,East,Approved,No,Flood,Gold,30,25214,Customer_438,62,New York,Silver,1910,0.39
POL00439,CUST00439,Home,South,Rejected,No,Other,Platinum,21,41118,Customer_439,45,Illinois,Gold,1862,0.87
POL00440,CUST00440,Health,East,Approved,No,Medical Emergency,Platinum,44,16183,Customer_440,53,Texas,Gold,1277,0.87
POL00441,CUST00441,Health,West,Approved,No,Burglary,Premium,37,7238,Customer_441,29,Illinois,Silver,847,0.45
POL00442,CUST00442,Travel,Central,Approved,No,Burglary,Premium,13,7090,Customer_442,34,New York,Gold,528,0.23
POL00443,CUST00443,Auto,East,Rejected,No,Fire,Standard,47,12637,Customer_443,52,Florida,Silver,1474,0.33
POL00444,CUST00444,Home,Central,Under Review,No,Burglary,Premium,58,23415,Customer_444,45,California,Silver,534,0.47
POL00445,CUST00445,Travel,Central,Approved,No,Burglary,Platinum,52,25071,Customer_445,31,Florida,Gold,2041,0.86
POL00446,CUST00446,Home,North,Under Review,Yes,Flood,Standard,43,46415,Customer_446,27,Florida,Silver,1919,0.3
POL00447,CUST00447,Auto,East,Approved,No,Flood,Standard,33,43679,Customer_447,69,New York,Platinum,1122,0.73
POL00448,CUST00448,Auto,East,Under Review,No,Other,Premium,46,42240,Customer_448,44,Illinois,Silver,1817,0.28
POL00449,CUST00449,Travel,Central,Rejected,No,Fire,Platinum,59,19271,Customer_449,43,Texas,Gold,1088,0.89
POL00450,CUST00450,Auto,West,Rejected,No,Collision,Standard,30,37034,Customer_450,59,Florida,Gold,1872,0.47
POL00451,CUST00451,Life,North,Approved,Yes,Fire,Platinum,39,34434,Customer_451,28,Illinois,Silver,1670,0.74
POL00452,CUST00452,Health,Central,Under Review,No,Fire,Platinum,54,5188,Customer_452,29,Texas,Silver,1590,0.44
POL00453,CUST00453,Travel,South,Rejected,No,Medical Emergency,Platinum,29,11161,Customer_453,25,Florida,Gold,1403,0.64
POL00454,CUST00454,Home,South,Approved,No,Other,Premium,28,29732,Customer_454,28,Texas,Platinum,1019,0.33
POL00455,CUST00455,Life,North,Approved,Yes,Medical Emergency,Gold,17,12314,Customer_455,36,Illinois,Platinum,621,0.3
POL00456,CUST00456,Travel,West,Rejected,Yes,Fire,Gold,11,24954,Customer_456,51,California,Gold,839,0.86
POL00457,CUST00457,Auto,Central,Rejected,No,Fire,Standard,40,22508,Customer_457,66,Illinois,Gold,674,0.84
POL00458,CUST00458,Auto,East,Approved,No,Fire,Platinum,49,22969,Customer_458,47,New York,Gold,2423,0.82
POL00459,CUST00459,Auto,North,Under Review,No,Burglary,Premium,24,46659,Customer_459,49,Texas,Gold,2214,0.64
POL00460,CUST00460,Auto,West,Under Review,Yes,Medical Emergency,Platinum,5,38545,Customer_460,45,California,Gold,1096,0.77
POL00461,CUST00461,Home,East,Under Review,No,Fire,Platinum,12,37668,Customer_461,48,Texas,Gold,950,0.25
POL00462,CUST00462,Life,South,Approved,Yes,Flood,Premium,50,24061,Customer_462,49,Texas,Platinum,1056,0.43
POL00463,CUST00463,Health,South,Rejected,No,Other,Gold,20,14716,Customer_463,69,Florida,Silver,1659,0.42
POL00464,CUST00464,Home,East,Approved,No,Other,Platinum,18,40749,Customer_464,56,New York,Platinum,2378,0.64
POL00465,CUST00465,Home,North,Rejected,No,Flood,Platinum,16,40144,Customer_465,56,Texas,Gold,1539,0.45
POL00466,CUST00466,Health,South,Under Review,No,Other,Gold,55,17907,Customer_466,29,Illinois,Silver,1856,0.3
POL00467,CUST00467,Health,Central,Under Review,No,Burglary,Premium,27,19777,Customer_467,60,Illinois,Silver,1718,0.62
POL00468,CUST00468,Auto,East,Rejected,No,Burglary,Standard,19,28693,Customer_468,66,Florida,Silver,2019,0.77
POL00469,CUST00469,Home,East,Rejected,No,Collision,Gold,32,43928,Customer_469,66,New York,Gold,508,0.47
POL00470,CUST00470,Travel,South,Approved,No,Collision,Standard,38,27329,Customer_470,63,New York,Platinum,2351,0.29
POL00471,CUST00471,Health,North,Under Review,No,Collision,Standard,6,47892,Customer_471,40,Illinois,Silver,833,0.34
POL00472,CUST00472,Health,Central,Approved,No,Other,Gold,36,17282,Customer_472,57,California,Platinum,1856,0.37
POL00473,CUST00473,Life,North,Approved,Yes,Burglary,Platinum,27,24624,Customer_473,45,Florida,Platinum,1516,0.41
POL00474,CUST00474,Travel,West,Approved,Yes,Burglary,Standard,26,24321,Customer_474,33,Florida,Silver,826,0.65
POL00475,CUST00475,Travel,West,Under Review,Yes,Burglary,Standard,55,11488,Customer_475,30,Illinois,Platinum,514,0.62
POL00476,CUST00476,Health,South,Approved,Yes,Flood,Premium,29,23574,Customer_476,69,Illinois,Platinum,1338,0.69
POL00477,CUST00477,Auto,South,Approved,No,Burglary,Platinum,26,6240,Customer_477,59,California,Gold,2137,0.45
POL00478,CUST00478,Life,South,Approved,No,Flood,Standard,26,44221,Customer_478,63,California,Gold,725,0.78
POL00479,CUST00479,Travel,West,Approved,No,Collision,Premium,53,11478,Customer_479,46,New York,Platinum,1948,0.34
POL00480,CUST00480,Health,North,Approved,No,Collision,Platinum,56,46162,Customer_480,65,Florida,Gold,2313,0.53
POL00481,CUST00481,Travel,North,Approved,No,Other,Gold,46,20262,Customer_481,29,Florida,Silver,1931,0.76
POL00482,CUST00482,Life,South,Under Review,No,Collision,Gold,10,5432,Customer_482,66,Illinois,Platinum,612,0.33
POL00483,CUST00483,Life,Central,Approved,No,Other,Premium,19,30721,Customer_483,47,New York,Gold,1951,0.28
POL00484,CUST00484,Home,North,Rejected,No,Fire,Gold,58,14568,Customer_484,41,Florida,Gold,500,0.82
POL00485,CUST00485,Health,West,Approved,No,Fire,Standard,47,15178,Customer_485,36,New York,Silver,765,0.44
POL00486,CUST00486,Life,East,Approved,No,Medical Emergency,Platinum,41,23195,Customer_486,47,New York,Gold,2014,0.68
POL00487,CUST00487,Home,East,Under Review,No,Other,Standard,37,1302,Customer_487,40,Illinois,Silver,1731,0.22
POL00488,CUST00488,Home,East,Under Review,No,Medical Emergency,Standard,12,18022,Customer_488,27,New York,Platinum,2145,0.68
POL00489,CUST00489,Travel,Central,Rejected,Yes,Medical Emergency,Gold,57,1055,Customer_489,54,California,Silver,2235,0.42
POL00490,CUST00490,Travel,South,Rejected,No,Fire,Standard,48,46781,Customer_490,46,California,Silver,1451,0.24
POL00491,CUST00491,Home,West,Under Review,No,Other,Gold,48,9717,Customer_491,33,Texas,Gold,1892,0.63
POL00492,CUST00492,Travel,Central,Under Review,Yes,Fire,Platinum,9,29699,Customer_492,53,Illinois,Silver,805,0.37
POL00493,CUST00493,Life,West,Approved,Yes,Medical Emergency,Platinum,43,9150,Customer_493,61,Texas,Gold,511,0.47
POL00494,CUST00494,Auto,West,Under Review,Yes,Other,Standard,8,3125,Customer_494,47,California,Platinum,1868,0.26
POL00495,CUST00495,Life,South,Rejected,No,Medical Emergency,Premium,10,45247,Customer_495,37,Texas,Platinum,1988,0.3
POL00496,CUST00496,Home,East,Approved,No,Burglary,Gold,49,49513,Customer_496,56,Illinois,Silver,2223,0.41
POL00497,CUST00497,Home,South,Rejected,No,Other,Gold,36,17748,Customer_497,47,Illinois,Silver,2189,0.26
POL00498,CUST00498,Life,Central,Approved,No,Other,Standard,56,40577,Customer_498,69,New York,Platinum,2017,0.84
POL00499,CUST00499,Travel,Central,Under Review,No,Medical Emergency,Gold,34,5621,Customer_499,41,Florida,Platinum,1891,0.2
POL00500,CUST00500,Travel,Central,Rejected,No,Burglary,Gold,51,16034,Customer_500,64,New York,Gold,2369,0.54
